iter	MultiClass
0	4.090344482
1	4.061000437
2	4.036259434
3	4.01596806
4	3.998241358
5	3.983898558
6	3.971822501
7	3.961527114
8	3.951501566
9	3.943676938
10	3.937119603
11	3.930540083
12	3.923621246
13	3.919453433
14	3.915603459
15	3.911185647
16	3.907630714
17	3.903623587
18	3.900806021
19	3.898621303
