iter	MultiClass
0	4.107486767
1	4.090020864
2	4.07409298
3	4.059539543
4	4.04597989
5	4.03196055
6	4.020053428
7	4.008622172
8	3.997435167
9	3.986945944
10	3.977698984
11	3.968725845
12	3.959645037
13	3.952249014
14	3.944017873
15	3.935466132
16	3.929246929
17	3.921240879
18	3.914304091
19	3.909409942
